"yquancheng" "ysuoxie"
"United States Air Force Academy" "AFA"
"U.S. Naval Academy" "Annapolis"
"Texas A&M University" "A&M"
"Texas A&M University–Corpus Christi" "A&M-CC"
"North Carolina A&T State University" "A&T"
"Apprentice School" "Newport News"
"Austin Peay State University" "APSU"
"Alabama State University" "ALASU"
"U.S. Military Academy" "Army"
"Arizona State University" "ASU"
"Auburn University" "AU"
"Auburn University" "Auburn"
"Auburn University Montgomery" "AUM"
"University of Alabama" "Bama"
"Boston College" "BC"
"Bowling Green State University" "BGSU"
"Black Hills State University" "BHSU"
"Bob Jones University" "BJU"
"Bryn Mawr College" "BMC"
"St. Bonaventure University" "Bona"
"Brown University" "Brown"
"Birmingham-Southern College" "BSC"
"Ball State University" "BSU"
"Binghamton University" "SUNY-Binghamton"
"Brigham Young University" "BYU"
"California Baptist University" "CBU"
"College of Charleston" "C of C"
"California Polytechnic State University" "Cal Poly"
"California State Polytechnic University" "Cal Poly Pomona"
"California Institute of Technology" "Caltech"
"California University of Pennsylvania" "CUP"
"California University of Pennsylvania" "Cal U"
"California State University (various campuses)" "Cal State"
"Capitol College" "Capitol"
"Carleton College" "Carleton"
"University of South Carolina" "Carolina"
"North Carolina Central University" "Central"
"Colorado College" "CC"
"City College of New York" "CCNY"
"Central Connecticut State University" "CCSU"
"Coastal Carolina University" "CCU"
"Community College of Vermont" "CCV"
"Claremont Graduate University" "CGU"
"University of North Carolina at Chapel Hill" "Chapel Hill"
"University of North Carolina at Chapel Hill" "UNC-Chapel Hill"
"University of North Carolina at Charlotte" "Charlotte"
"University of Tennessee at Chattanooga" "Chatt"
"University of Tennessee at Chattanooga" "Chattanooga"
"Chattanooga State Community College" "Chatt State"
"California State University" "Chico State"
"New York City College of Technology" "City Tech"
"The Culinary Institute of America" "CIA"
"Claremont McKenna College" "CMC"
"Carnegie Mellon University" "CMU"
"Christopher Newport University" "CNU"
"United States Coast Guard Academy" "Coast Guard"
"University of Maryland, College Park" "College Park"
"University of Maryland" "Maryland"
"University of Colorado Boulder" "Colorado"
"University of Colorado Colorado Springs" "Colorado Springs"
"College of Saint Benedict/Saint John's University" "CSB/SJU"
"Castleton State College" "CSC"
"College of Saint Elizabeth" "CSE"
"College of Staten Island" "CSI"
"California State University" "CSU"
"California State University" "CSUF"
"California State University" "CSUEB"
"California State University" "CSULA"
"Colorado State University-Pueblo" "CSU-Pueblo"
"California State University" "CSUS"
"Cornell University" "Cornell"
"University of the Cumberlands" "Cumberlands"
"City University of New York" "CUNY"
"Syracuse University" "Syracuse"
"Syracuse University" "Syracuse U"
"Syracuse University" "雪城"
"Davidson College" "DC"
"De Anza College" "De Anza"
"DePaul University" "DPU"
"Dakota State University" "DSU"
"Duke University" "DU"
"Duke University" "Duke"
"East Carolina University" "ECU"
"Eastern Illinois University" "EIU"
"Eastern Mennonite University" "EMU"
"Eastern Michigan University" "EMU"
"Eastern Nazarene College" "ENC"
"East Tennessee State University" "ETSU"
"Eastern Washington University" "EWU"
"Eastern Kentucky University" "EKU"
"Franklin & Marshall College" "F&M"
"Florida A&M University" "FAMU"
"Florida Atlantic University" "FAU"
"Founders College" "FC"
"Fairleigh Dickinson University" "FDU"
"Florida Gulf Coast University" "FGCU"
"Florida International University" "FIU"
"Foothill College" "Foothill"
"Fresno Pacific University" "FPU"
"California State University" "Fresno State"
"Florida State University" "FSU"
"Fordham University" "FU"
"University of Wisconsin–Green Bay" "GB"
"Georgia College & State University" "GCSU"
"Georgia College & State University" "GC&SU"
"Grand Canyon University" "GCU"
"Georgetown University" "Georgetown"
"University of Georgia" "Georgia"
"Georgia College & State University" "Georgia College"
"Georgia Institute of Technology" "GaTech"
"Georgia Institute of Technology" "Georgia Tech"
"Georgia Gwinnett College" "GGC"
"George Mason University" "GMU"
"Gonzaga University" "GONZ"
"Georgia Southern University" "GSU"
"Georgia State University" "GS"
"Georgia Southern University" "GS"
"Georgia Institute of Technology" "GT"
"Grand Valley State University" "GVSU"
"George Washington University" "GWU"
"George Washington University" "GW"
"Hampton University (formerly Hampton Institute)" "HIU"
"Harvey Mudd College" "HMC"
"Johns Hopkins University" "Hopkins"
"Hampton University" "HU"
"Humboldt State University" "HSU"
"Ithaca College" "IC"
"Purdue University" "Purdue"
"Illinois Institute of Technology" "IIT"
"Indiana University-Purdue University Fort Wayne" "IPFW"
"Indiana University Bloomington" "IUB"
"Indiana University Bloomington" "IU"
"Indiana University of Pennsylvania" "IUP"
"Indiana University-Purdue University Indianapolis" "IUPUI"
"Illinois Wesleyan University" "IWU"
"Iowa Wesleyan University" "IW"
"Johns Hopkins University" "JHU"
"James Madison University" "JMU"
"Johnson and Wales University" "JWU"
"Johnson State College" "JSC"
"Jackson State University" "JSU"
"Jacksonville University" "JU"
"Kansas State University" "K-State"
"Kansas State University" "KSU"
"University of Kansas" "KU"
"Louisiana Tech University" "LA Tech"
"Louisburg College" "LC"
"Lock Haven University" "LHU"
"Long Island University" "LIU"
"Lincoln Memorial University" "LMU"
"California State University" "Long Beach State"
"Lyndon State College" "LSC"
"Louisiana State University" "LSU"
"Lake Superior State University" "LSSU"
"Lawrence Technological Universit" "LTU"
"Liberty University" "LU"
"Loyola University Chicago" "LUC"
"University of Wisconsin–Madison" "Madison"
"University of Wisconsin–Madison" "UW-Madison"
"University of Wisconsin–Madison" "WISC"
"University of Wisconsin–Madison" "Wisconsin–Madison"
"University of Wisconsin–Madison" "Wisconsin"
"University of Mary Washington" "Mary Wash"
"George Mason University" "Mason"
"Massachusetts College of Liberal Arts" "MCLA"
"University of Memphis" "Memphis"
"U.S. Merchant Marine Academy" "Kings Point"
"Metropolitan State College of Denver" "Metro State"
"Mount Holyoke College" "MoHo"
"Mount Holyoke College" "MHC"
"University of Wisconsin–Milwaukee" "Milwaukee"
"Missouri University of Science and Technology" "Missouri S&T"
"Massachusetts Institute of Technology" "MIT"
"University of Missouri" "Mizzou"
"Marymount Manhattan College" "MMC"
"Mt. San Antonio College" "Mt. SAC"
"Michigan State University" "MSU"
"University of Michigan" "UMich"
"University of Michigan" "Michigan"
"University of Michigan" "U of M"
"Middle Tennessee State University" "MTSU"
"Michigan Technological University" "MTU"
"Miami University" "MU"
"Harvey Mudd College" "Mudd"
"Manhattanville College" "MVille"
"Mississippi Valley State University" "MVSU"
"Mississippi University for Women" "MUW"
"U.S. Naval Academy" "Navy"
"Northern Arizona University" "NAU"
"North Carolina Central University" "NCCU"
"North Carolina State University" "NCSU"
"North Carolina A&T State University" "NC A&T"
"University of North Dakote" "ND"
"North Dakota State University" "NDSU"
"Northeastern University" "NE"
"Northeastern University" "NEU"
"New College of Florida" "New College"
"New College of Florida" "NCF"
"Northern Illinois University" "NIU"
"Northern Kentucky University" "NKU"
"New Mexico State University" "NMSU"
"Northern Michigan University" "NMU"
"University of North Dakota" "NoDak"
"Northern Virginia Community College" "Nova"
"Northeastern State University" "NSU"
"Niagara University" "NU"
"Northwestern University" "NWU"
"Northwestern University" "NW"
"Northwestern University" "Northwestern U"
"Northwest Missouri State University" "NWMSU"
"New York Institute of Technology" "NYIT"
"New York Medical College" "NYMC"
"New York University" "NYU"
"Oklahoma Christian University" "OC"
"Orange Coast College" "OCC"
"Oklahoma City University" "OCU"
"Ohio Dominican University" "ODU"
"Oregon Institute of Technology" "OIT"
"Oklahoma State University" "OK State"
"University of Mississippi" "Ole Miss"
"Ohio Northern University" "ONU"
"The Ohio State University" "Ohio State University"
"The Ohio State University" "OSU"
"Oakland University" "OU"
"Occidental College" "Oxy"
"University of the Pacific" "Pacific"
"Providence College" "PC"
"Pensacola Christian College" "PCC"
"University of Pennsylvania" "Penn"
"University of Pittsburgh" "Pitt"
"University of Pittsburgh" "Pitts"
"University of Pittsburgh" "Upitts"
"University of Pittsburgh" "Pittsburgh"
"University of Pittsburgh" "Upitt"
"Point Loma Nazarene University" "PLNU"
"Pomona College" "POM"
"Pennsylvania State University" "PSU"
"Pennsylvania State University" "PennState"
"Princeton Theological Seminary" "PTS"
"Prairie View A&M University" "PVAMU"
"Quinnipiac University" "QU"
"Case Western Reserve University" "Reserve"
"Case Western Reserve University" "CWRU"
"Rose-Hulman Institute of Technology" "RHIT"
"Rhode Island College" "RIC"
"Rhode Island School of Design" "RISD"
"Rochester Institute of Technology" "RIT"
"Randolph-Macon Woman's College" "R-MWC"
"Rensselaer Polytechnic Institute" "RPI"
"Rutgers University" "RU"
"Rutgers University" "Rutgers"
"Roger Williams University" "RWU"
"Roberts Wesleyan College" "RWC"
"California State University" "Sac State"
"University of Southern California" "SC"
"South Carolina State University" "SCSU"
"Scripps College" "Scripps"
"Santa Clara University" "SCU"
"South Dakota School of Mines and Technology" "SDSM&T"
"San Diego State University" "SDSU"
"San Francisco State University" "SFSU"
"Southeast Missouri State University" "SEMo"
"University of the South" "Sewanee"
"Spring Hill College" "SHC"
"Southern Illinois University Carbondale" "SIUC"
"Southern Illinois University Carbondale" "SIU"
"Southern Illinois University Edwardsville" "SIUE"
"St. John's College" "SJC"
"St. John Fisher College" "SJFC"
"San Jose State University" "SJSU"
"Saint Joseph's University" "SJU"
"Saint Louis University" "SLU"
"St. Mary's College (CA)" "SMC"
"Southern Methodist University" "SMU"
"Southern New Hampshire University" "SNHU"
"Southeastern Oklahoma State University" "SOSU"
"Seattle Pacific University" "SPU"
"Slippery Rock University of Pennsylvania" "SRU"
"California State University" "Stan State"
"California State University" "Stanislaus State"
"any of various state universities=" "State"
"Southern University" "SU"
"State University of Iowa" "SUI"
"Southern Utah University" "SUU"
"State University of New York" "SUNY"
"Southwestern Oklahoma State University" "SWOSU"
"Texas A&M University" "TAMU"
"Texas A&M University–Corpus Christi" "TAMUCC"
"The College of New Jersey" "TCNJ"
"Texas Christian University" "TCU"
"Tennessee State University" "TSU"
"Texas Tech University" "TTU"
"Tulane University" "TU"
"Texas State University–San Marcos" "TxSt"
"University of Utah" "The U"
"University of Arizona" "UArizona"
"University of Arizona" "U Arizona"
"University of Arizona" "U of A"
"University of Utah" "U of U"
"University of Alaska Anchorage" "UAA"
"University of Alabama at Birmingham" "UAB"
"University of Alaska Fairbanks" "UAF"
"University of Alabama in Huntsville" "UAH"
"University of Arkansas at Little Rock" "UALR"
"University of Arkansas at Monticello" "UAM"
"University of Arkansas at Pine Bluff" "UAPB"
"University of Chicago" "UChicago"
"University of Chicago" "U Chicago"
"University of Chicago" "Chicago"
"University of Chicago" "U of C"
"University of Chicago" "UC"
"University of Colorado Boulder" "UCB"
"University of Colorado Boulder" "CU-Boulder"
"University of California" "UCBerkeley"
"University of California" "UCDavis"
"University of California" "UC Davis"
"University of California" "UCIrvine"
"University of California" "Berkeley"
"University of California" "UC Berkeley"
"University of California" "UCI"
"University of California" "UC Irvine"
"University of California" "Cal"
"University of California" "UCD"
"University of California" "UCLA"
"University of California" "UCR"
"University of California" "UCSB"
"University of California" "UCSD"
"University of California" "UCSF"
"University of California" "UCSC"
"University of California" "UC Santa Cruz"
"University of Central Arkansas" "UCA"
"University of Colorado Colorado Springs" "UCCS"
"University of Central Florida" "UCF"
"University of Central Missouri" "UCM"
"University of Central Oklahoma" "UCO"
"University of Connecticut" "UConn"
"University of Delaware" "UD"
"University of Detroit Mercy" "UDM"
"University of the District of Columbia" "UDC"
"Columbia University" "Columbia"
"Columbia University" "Columbia U"
"Columbia University" "哥大"
"Columbia University" "Columbia University"
"University of Washington" "U Dub"
"University of Washington" "UW"
"University of Washington" "UWashington"
"University of Washington, Seattle" "UW Seattle"
"University of Washington, Seattle" "UW-Seattle"
"University of Florida" "UFL"
"University of Georgia" "UGA"
"University of Houston" "UH"
"University of Houston" "U of H"
"University of Houston–Clear Lake" "UHCL"
"University of Houston–Downtown" "UHD"
"University of Houston System" "UHS"
"University of Houston–Victoria" "UHV"
"University of Idaho" "UI"
"University of Idaho" "U of I"
"University of Illinois at Chicago" "UIC"
"University of Illinois at Urbana-Champaign" "UIUC"
"University of Kentucky" "UK"
"University of Louisiana at Monroe" "ULM"
"University of Louisiana (at Lafayette)" "UL"
"University of Louisville" "U of L"
"University of Minnesota" "U of M"
"University of Massachusetts Amherst" "UMass"
"University of Massachusetts Amherst" "UMass Amherst"
"University of Massachusetts Boston" "UMB"
"University of Maryland" "UMBC"
"University of Missouri–Columbia" "UMC"
"University of Massachusetts Dartmouth" "UMD"
"University of Missouri–Kansas City" "UMKC"
"University of Massachusetts Lowell" "UML"
"University of Maine at Orono" "UMO"
"University of Mary Washington" "UMW"
"University of North Alabama" "UNA"
"University of Northern Colorado" "UNC"
"University of North Carolina at Charlotte" "UNCC"
"University of North Carolina at Greensboro" "UNCG"
"University of North Carolina at Wilmington" "UNCW"
"University of North Dakota" "UND"
"University of North Florida" "UNF"
"University of New Hampshire" "UNH"
"University of Northern Iowa (was Iowa Teachers)" "UNI"
"University of Nebraska at Kearney" "UNK"
"University of Nebraska–Lincoln" "UNL"
"University of Nevada" "UNLV"
"University of New Mexico" "UNM"
"University of New Orleans" "UNO"
"University of Nevada" "UNR"
"University of North Texas" "UNT"
"University of Oregon" "UO"
"University of the Pacific" "UOP"
"University of Portland" "UP"
"University of Pennsylvania" "UPenn"
"University of Pennsylvania" "U penn"
"University of Puerto Rico at Mayagüez" "UPRM"
"University of Rochester" "U of R"
"University of Rochester" "UR"
"University of Rochester" "Rochester"
"University of Rochester" "U of Rochester"
"University of Rhode Island" "URI"
"University of Scranton" "U of S"
"University of South Alabama" "USA"
"United States Air Force Academy" "USAFA"
"University of Science and Arts of Oklahoma" "USAO"
"University of Southern California" "USC"
"University of South Carolina Aiken" "USCA"
"University of San Diego" "USD"
"University of San Francisco" "USF"
"University of San Francisco" "USFCA"
"University of Southern Indiana" "USI"
"The University of Southern Mississippi" "USM"
"Utah State University" "USU"
"University of Tennessee" "UT"
"University of Texas at Arlington" "UTA"
"University of Utah" "Utah"
"University of Texas at Brownsville and Texas Southmost College" "UTB/TSC"
"University of Tennessee at Chattanooga" "UTC"
"University of Texas at Dallas" "UTD"
"University of Texas at El Paso (was Texas Western)" "UTEP"
"University of Tennessee at Martin" "UTM"
"University of Texas of the Permian Basin" "UTPB"
"University of Texas at San Antonio" "UTSA"
"University of Virginia" "UVA"
"University of Vermont" "UVM"
"Utah Valley University" "UVU"
"University of West Florida" "UWF"
"University of West Georgia" "UWG"
"University of Wisconsin–Green Bay" "UWGB"
"University of Wisconsin–Milwaukee" "UWM"
"Valparaiso University" "Valpo"
"Vanderbilt University" "Vandy"
"Virginia Commonwealth University" "VCU"
"Virginia Polytechnic Institute and State University" "Virginia Tech"
"Virginia Military Institute" "VMI"
"Virginia Polytechnic Institute and State University " "VPI"
"Virginia State University" "VSU"
"Virginia Polytechnic Institute and State University" "VT"
"Vermont Technical College" "VTC"
"Valparaiso University" "VU"
"Washington & Jefferson College" "W&J"
"Washington and Lee University" "W&L"
"The College of William & Mary" "W&M"
"Washington University in St. Louis" "WUSTL"
"Washington University in St. Louis" "Wash U"
"Washington State University" "Wazzu"
"Washington State University" "WSU"
"Wagner College" "WC"
"Western Carolina University" "WCU"
"U.S. Military Academy" "West Point"
"Western Washington University" "Western"
"Wake Forest University" "WFU"
"Williams College" "Williams"
"Western Illinois University" "WIU"
"Western Kentucky University" "WKU"
"Western Michigan University" "WMU"
"Worcester Polytechnic Institute" "WPI"
"West Texas A&M University" "WTAMU"
"West Virginia University" "WVU"
"West Virginia University at Parkersburg" "WVUP"
"Western Washington University" "WWU"
"Xavier University " "XU"
"Xavier University of Louisiana" "XULA"
"Brigham Young University" "The Y"
"Youngstown State University" "YSU"
"Yeshiva University" "YU"
"Stanford University" "Stanford"
"Harvard University" "Harvard"
"Yale University" "Yale"
"Rice University" "Rice"
"University of Texas at Austin" "UT Austin"
"University of Texas at Austin" "UT-Austin"
"University of Texas at Austin" "UTAustin"
"University of Minnesota" "UMN"
"University of Minnesota" "Minnesota"
"Princeton University" "Princeton"
"McGill University" "McGill"
"Southern Institute of Technology" "SIT"
"Dartmouth College" "Dartmouth"
"NYU Tandon School of Engineering" "NYU-POLY"
"NYU Tandon School of Engineering" "NYU Tandon"
"NYU Tandon School of Engineering" "NYU-Tandon"
"NYU Tandon School of Engineering" "NYU Poly"
"Clemson University" "Clemson"
"Stony Brook University" "Stony Brook"
"Stony Brook University" "SBUY"
"Stony Brook University" "SBU"
"State University of New York at Stony Brook" "SUNY-SB"
"Vanderbilt University" "Vanderbilt"
"Brandeis University" "Brandeis"
"Northwestern University" "Northwestern"
"Emory University" "Emory"
"Lehigh University" "Lehigh"
"New Jersey Institute of Technology" "NJIT"
"University at Buffalo" "Buffalo"
"University at Buffalo" "SUNY-Buffalo"
"University at Buffalo" "SUNY Buffalo"
"University at Buffalo" "UB"
"Boston University" "BU"
"Boston University" "Boston U"
"The University of Texas at Dallas" "UT Dallas"
"The University of Texas at Dallas" "UTDallas"
"CMU Silicon Valley" "CMU-SV"
"University of Colorado Boulder" "CU Boulder"
"Georgia Tech" "GIT"
"Drexel University" "Drexel"
"Tufts University" "Tufts"
"University of British Columbia" "UBC"
"The University of Tennessee, Knoxville" "UTK"
"Iowa State University" "ISU"
"University of Alberta" "Alberta"

